"","date","date_in_oven","genotype_id","genotype","stage","treatment","plant","dry_weight_g","bag_type","notes","mean_bag_weight","date_heated","dvl_stage","batlbox","heated","planting_date","harvest","final_maturity","recovery","heat_maturity","dvl_stage_2","mean_c_dw","rel_dw_g"
"1",2024-07-19,2024-07-12,"G4R1C5","G4","R1","C","5",364.404,1,"",57.606,NA,"C",NA,"Not heated",2024-03-18,2024-07-15,116,NA,NA,"mature",209.95096,154.45304
"2",2024-07-19,2024-07-12,"G4R6D5","G4","R6","D","5",277.554,1,"",57.606,2024-06-30,"R6","","Heated",2024-03-18,2024-07-15,116,12,104,"mature",209.95096,67.60304
"3",2024-07-19,2024-07-12,"G2V7W5","G2","V7","W","5",318.844,1,"",57.606,2024-04-26,"V8","Ivy","Heated",2024-03-18,2024-07-15,116,77,39,"young",237.94464,80.89936
"4",2024-07-19,2024-07-12,"G2V15C5","G2","V15","C","5",417.054,1,"",57.606,NA,"C",NA,"Not heated",2024-03-18,2024-07-15,116,NA,NA,"mature",237.94464,179.10936
"5",2024-07-19,2024-07-12,"G3V7W5","G3","V7","W","5",44.394,1,"",57.606,2024-04-26,"V7","Ivy","Heated",2024-03-18,2024-07-15,116,77,39,"young",102.364692307692,-57.9706923076923
"6",2024-07-19,2024-07-12,"G4V15W5","G4","V15","W","5",300.654,1,"",57.606,2024-05-23,"R1","Mega","Heated",2024-03-18,2024-07-15,116,50,66,"fruiting",209.95096,90.70304
"7",2024-07-19,2024-07-12,"G4R6C5","G4","R6","C","5",261.164,1,"",57.606,NA,"C",NA,"Not heated",2024-03-18,2024-07-15,116,NA,NA,"mature",209.95096,51.21304
"8",2024-07-19,2024-07-12,"G5V7D5","G5","V7","D","5",216.814,1,"",57.606,2024-04-26,"V7","Dorothea","Heated",2024-03-18,2024-07-15,116,77,39,"young",394.59225,-177.77825
"9",2024-07-19,2024-07-12,"G2R6C5","G2","R6","C","5",472.494,1,"",57.606,NA,"C",NA,"Not heated",2024-03-18,2024-07-15,116,NA,NA,"mature",237.94464,234.54936
"10",2024-07-19,2024-07-12,"G2R1W5","G2","R1","W","5",358.384,1,"",57.606,2024-06-21,"R6","Mega","Heated",2024-03-18,2024-07-15,116,21,95,"mature",237.94464,120.43936
"11",2024-07-19,2024-07-12,"G4R6W4","G4","R6","W","4",223.894,1,"",57.606,2024-06-27,"R5","Mega","Heated",2024-03-18,2024-07-15,116,15,101,"mature",209.95096,13.94304
"12",2024-07-19,2024-07-12,"G1R6W5","G1","R6","W","5",105.974,1,"",57.606,2024-06-27,"R5","Mega","Heated",2024-03-18,2024-07-15,116,15,101,"mature",157.048076923077,-51.0740769230769
"13",2024-07-19,2024-07-12,"G5V3W5","G5","V3","W","5",477.174,1,"",57.606,2024-04-12,"V5","Ivy","Heated",2024-03-18,2024-07-15,116,91,25,"young",394.59225,82.58175
"14",2024-07-19,2024-07-12,"G1V3D5","G1","V3","D","5",309.964,1,"",57.606,2024-04-12,"V3","Dorothea","Heated",2024-03-18,2024-07-15,116,91,25,"young",157.048076923077,152.915923076923
"15",2024-07-19,2024-07-12,"G2R6W5","G2","R6","W","5",111.914,1,"",57.606,2024-06-27,"R6","","Heated",2024-03-18,2024-07-15,116,15,101,"mature",237.94464,-126.03064
"16",2024-07-19,2024-07-12,"G3V7C5","G3","V7","C","5",116.904,1,"",57.606,NA,"C",NA,"Not heated",2024-03-18,2024-07-15,116,NA,NA,"mature",102.364692307692,14.5393076923077
"17",2024-07-19,2024-07-12,"G5V3W3","G5","V3","W","3",438.848,2,"",35.352,2024-04-11,"V5","Ivy","Heated",2024-03-18,2024-07-15,116,92,24,"young",394.59225,44.25575
"18",2024-07-19,2024-07-12,"G4R6C3","G4","R6","C","3",182.038,2,"",35.352,NA,"C",NA,"Not heated",2024-03-18,2024-07-15,116,NA,NA,"mature",209.95096,-27.91296
"19",2024-07-19,2024-07-12,"G1V15C4","G1","V15","C","4",80.598,2,"",35.352,NA,"C",NA,"Not heated",2024-03-18,2024-07-15,116,NA,NA,"mature",157.048076923077,-76.4500769230769
"20",2024-07-19,2024-07-12,"G5R1W5","G5","R1","W","5",541.714,1,"",57.606,2024-06-21,"R6","Mega","Heated",2024-03-18,2024-07-15,116,21,95,"mature",394.59225,147.12175
"21",2024-07-19,2024-07-12,"G2V3C5","G2","V3","C","5",418.514,1,"",57.606,NA,"C",NA,"Not heated",2024-03-18,2024-07-15,116,NA,NA,"mature",237.94464,180.56936
"22",2024-07-19,2024-07-12,"G4R6D5","G4","R6","D","5",343.094,1,"",57.606,2024-06-30,"R6","","Heated",2024-03-18,2024-07-15,116,12,104,"mature",209.95096,133.14304
"23",2024-07-19,2024-07-12,"G5R6W5","G5","R6","W","5",139.134,1,"",57.606,2024-06-27,"R6","","Heated",2024-03-18,2024-07-15,116,15,101,"mature",394.59225,-255.45825
"24",2024-07-19,2024-07-12,"G4V7W5","G4","V7","W","5",198.014,1,"",57.606,2024-04-26,"V8","Ivy","Heated",2024-03-18,2024-07-15,116,77,39,"young",209.95096,-11.93696
"25",2024-07-19,2024-07-12,"G5R1W4","G5","R1","W","4",235.704,1,"",57.606,2024-06-20,"R5","Mega","Heated",2024-03-18,2024-07-15,116,22,94,"mature",394.59225,-158.88825
"26",2024-07-19,2024-07-12,"G4V15C5","G4","V15","C","5",305.364,1,"",57.606,NA,"C",NA,"Not heated",2024-03-18,2024-07-15,116,NA,NA,"mature",209.95096,95.41304
"27",2024-07-19,2024-07-12,"G3V15W5","G3","V15","W","5",65.294,1,"",57.606,2024-05-23,"VT","Mega","Heated",2024-03-18,2024-07-15,116,50,66,"fruiting",102.364692307692,-37.0706923076923
"28",2024-07-19,2024-07-12,"G5V15C5","G5","V15","C","5",500.764,1,"",57.606,NA,"C",NA,"Not heated",2024-03-18,2024-07-15,116,NA,NA,"mature",394.59225,106.17175
"29",2024-07-19,2024-07-12,"G2V15D5","G2","V15","D","5",378.754,1,"",57.606,2024-05-23,"R1","Mega","Heated",2024-03-18,2024-07-15,116,50,66,"fruiting",237.94464,140.80936
"30",2024-07-19,2024-07-12,"G4V3D5","G4","V3","D","5",301.034,1,"",57.606,2024-04-12,"V3","Dorothea","Heated",2024-03-18,2024-07-15,116,91,25,"young",209.95096,91.08304
"31",2024-07-19,2024-07-12,"G4V15D5","G4","V15","D","5",96.984,1,"",57.606,2024-05-23,"VT","Mega","Heated",2024-03-18,2024-07-15,116,50,66,"fruiting",209.95096,-112.96696
"32",2024-07-19,2024-07-12,"G2V15W4","G2","V15","W","4",235.178,2,"",35.352,2024-05-24,"R1","Mega","Heated",2024-03-18,2024-07-15,116,49,67,"fruiting",237.94464,-2.76664000000002
"33",2024-07-19,2024-07-12,"G4R6D3","G4","R6","D","3",293.398,2,"",35.352,2024-06-28,"R5","Mega","Heated",2024-03-18,2024-07-15,116,14,102,"mature",209.95096,83.44704
"34",2024-07-19,2024-07-12,"G5V3W4","G5","V3","W","4",383.428,2,"",35.352,2024-04-11,"V5","Dorothea","Heated",2024-03-18,2024-07-15,116,92,24,"young",394.59225,-11.16425
"35",2024-07-19,2024-07-12,"G2R6D3","G2","R6","D","3",284.278,2,"",35.352,2024-06-28,"R5","Mega","Heated",2024-03-18,2024-07-15,116,14,102,"mature",237.94464,46.33336
"36",2024-07-19,2024-07-12,"G4V7D4","G4","V7","D","4",128.568,2,"",35.352,2024-04-25,"V7","Ivy","Heated",2024-03-18,2024-07-15,116,78,38,"young",209.95096,-81.38296
"37",2024-07-19,2024-07-12,"G1R1D4","G1","R1","D","4",103.118,2,"",35.352,2024-06-21,"R1","Mega","Heated",2024-03-18,2024-07-15,116,21,95,"fruiting",157.048076923077,-53.9300769230769
"38",2024-07-19,2024-07-12,"G5V3C3","G5","V3","C","3",130.668,2,"",35.352,NA,"C",NA,"Not heated",2024-03-18,2024-07-15,116,NA,NA,"mature",394.59225,-263.92425
"39",2024-07-19,2024-07-12,"G2V7C3","G2","V7","C","3",148.948,2,"",35.352,NA,"C",NA,"Not heated",2024-03-18,2024-07-15,116,NA,NA,"mature",237.94464,-88.99664
"40",2024-07-19,2024-07-12,"G5V7D3","G5","V7","D","3",171.008,2,"",35.352,2024-04-25,"V7","Ivy","Heated",2024-03-18,2024-07-15,116,78,38,"young",394.59225,-223.58425
"41",2024-07-19,2024-07-12,"G5V7C3","G5","V7","C","3",410.628,2,"",35.352,NA,"C",NA,"Not heated",2024-03-18,2024-07-15,116,NA,NA,"mature",394.59225,16.0357500000001
"42",2024-07-19,2024-07-12,"G5R1D3","G5","R1","D","3",336.018,2,"",35.352,2024-06-20,"R4","Mega","Heated",2024-03-18,2024-07-15,116,22,94,"mature",394.59225,-58.57425
"43",2024-07-19,2024-07-12,"G4R6W4","G4","R6","W","4",180.758,2,"",35.352,2024-06-27,"R5","Mega","Heated",2024-03-18,2024-07-15,116,15,101,"mature",209.95096,-29.19296
"44",2024-07-19,2024-07-12,"G3R1D3","G3","R1","D","3",90.398,2,"",35.352,2024-06-20,"R1","Mega","Heated",2024-03-18,2024-07-15,116,22,94,"fruiting",102.364692307692,-11.9666923076923
"45",2024-07-19,2024-07-12,"G1V15D3","G1","V15","D","3",214.358,2,"",35.352,2024-05-22,"R1","Mega","Heated",2024-03-18,2024-07-15,116,51,65,"fruiting",157.048076923077,57.3099230769231
"46",2024-07-19,2024-07-12,"G4V3W4","G4","V3","W","4",375.778,2,"Taped hole in bag after taking weight",35.352,2024-04-11,"V3","Dorothea","Heated",2024-03-18,2024-07-15,116,92,24,"young",209.95096,165.82704
"47",2024-07-19,2024-07-12,"G1R6C4","G1","R6","C","4",437.808,2,"",35.352,NA,"C",NA,"Not heated",2024-03-18,2024-07-15,116,NA,NA,"mature",157.048076923077,280.759923076923
"48",2024-07-19,2024-07-12,"G2V7W3","G2","V7","W","3",160.128,2,"",35.352,NA,NA,NA,"Heated",2024-03-18,2024-07-15,116,NA,NA,"mature",237.94464,-77.81664
"49",2024-07-19,2024-07-12,"G3R6D4","G3","R6","D","4",95.298,2,"",35.352,2024-06-29,"R3","","Heated",2024-03-18,2024-07-15,116,13,103,"fruiting",102.364692307692,-7.06669230769231
"50",2024-07-19,2024-07-12,"G5V7W4","G5","V7","W","4",339.268,2,"",35.352,2024-04-25,"V7","Dorothea","Heated",2024-03-18,2024-07-15,116,78,38,"young",394.59225,-55.32425
"51",2024-07-19,2024-07-12,"G4V7C3","G4","V7","C","3",113.078,2,"",35.352,NA,"C",NA,"Not heated",2024-03-18,2024-07-15,116,NA,NA,"mature",209.95096,-96.87296
"52",2024-07-19,2024-07-12,"G5V15W3","G5","V15","W","3",262.018,2,"",35.352,2024-05-22,"R1","Mega","Heated",2024-03-18,2024-07-15,116,51,65,"fruiting",394.59225,-132.57425
"53",2024-07-19,2024-07-12,"G3R1D4","G3","R1","D","4",127.348,2,"",35.352,2024-06-21,"R1","Mega","Heated",2024-03-18,2024-07-15,116,21,95,"fruiting",102.364692307692,24.9833076923077
"54",2024-07-19,2024-07-12,"G5V15D5","G5","V15","D","5",295.414,1,"",57.606,2024-05-23,"R1","Mega","Heated",2024-03-18,2024-07-15,116,50,66,"fruiting",394.59225,-99.17825
"55",2024-07-19,2024-07-12,"G1R1C5","G1","R1","C","5",193.444,1,"",57.606,NA,"C",NA,"Not heated",2024-03-18,2024-07-15,116,NA,NA,"mature",157.048076923077,36.3959230769231
"56",2024-07-19,2024-07-12,"G1V3C5","G1","V3","C","5",145.364,1,"",57.606,NA,"C",NA,"Not heated",2024-03-18,2024-07-15,116,NA,NA,"mature",157.048076923077,-11.6840769230769
"57",2024-07-19,2024-07-12,"G1R1C4","G1","R1","C","4",285.974,1,"",57.606,NA,"C",NA,"Not heated",2024-03-18,2024-07-15,116,NA,NA,"mature",157.048076923077,128.925923076923
"58",2024-07-19,2024-07-12,"G1V15W5","G1","V15","W","5",134.954,1,"",57.606,2024-05-23,"VT","Mega","Heated",2024-03-18,2024-07-15,116,50,66,"fruiting",157.048076923077,-22.0940769230769
"59",2024-07-19,2024-07-12,"G3V15D5","G3","V15","D","5",167.364,1,"",57.606,2024-05-23,"VT","Mega","Heated",2024-03-18,2024-07-15,116,50,66,"fruiting",102.364692307692,64.9993076923077
"60",2024-07-19,2024-07-12,"G4V7D5","G4","V7","D","5",129.554,1,"",57.606,2024-04-26,"V8","Dorothea","Heated",2024-03-18,2024-07-15,116,77,39,"young",209.95096,-80.39696
"61",2024-07-19,2024-07-12,"G5R6D4","G5","R6","D","4",525.644,1,"",57.606,2024-06-29,"R6","","Heated",2024-03-18,2024-07-15,116,13,103,"mature",394.59225,131.05175
"62",2024-07-19,2024-07-12,"G4R6W5","G4","R6","W","5",208.944,1,"",57.606,2024-06-27,"R5","Mega","Heated",2024-03-18,2024-07-15,116,15,101,"mature",209.95096,-1.00695999999999
"63",2024-07-19,2024-07-12,"G2V3D5","G2","V3","D","5",354.044,1,"",57.606,2024-04-12,"V3","Dorothea","Heated",2024-03-18,2024-07-15,116,91,25,"young",237.94464,116.09936
"64",2024-07-19,2024-07-12,"G2V3D4","G2","V3","D","4",230.074,1,"",57.606,2024-04-11,"V3","Ivy","Heated",2024-03-18,2024-07-15,116,92,24,"young",237.94464,-7.87063999999998
"65",2024-07-19,2024-07-12,"G5V3D5","G5","V3","D","5",639.934,1,"",57.606,2024-04-12,"V3","Dorothea","Heated",2024-03-18,2024-07-15,116,91,25,"young",394.59225,245.34175
"66",2024-07-19,2024-07-12,"G1V7W5","G1","V7","W","5",273.624,1,"",57.606,2024-04-26,"V8","Ivy","Heated",2024-03-18,2024-07-15,116,77,39,"young",157.048076923077,116.575923076923
"67",2024-07-19,2024-07-12,"G3V7D5","G3","V7","D","5",13.994,1,"",57.606,2024-04-26,"V7","Dorothea","Heated",2024-03-18,2024-07-15,116,77,39,"young",102.364692307692,-88.3706923076923
"68",2024-07-19,2024-07-12,"G3V3W4","G3","V3","W","4",3.518,2,"42.66",35.352,2024-04-11,"V5","Dorothea","Heated",2024-03-18,2024-07-15,116,92,24,"young",102.364692307692,-98.8466923076923
"69",2024-07-19,2024-07-12,"G5V7W3","G5","V7","W","3",214.488,2,"",35.352,2024-04-25,"V9","Dorothea","Heated",2024-03-18,2024-07-15,116,78,38,"fruiting",394.59225,-180.10425
"70",2024-07-19,2024-07-12,"G4R1C4","G4","R1","C","4",332.588,2,"",35.352,NA,"C",NA,"Not heated",2024-03-18,2024-07-15,116,NA,NA,"mature",209.95096,122.63704
"71",2024-07-19,2024-07-12,"G4R1D3","G4","R1","D","3",196.578,2,"227.33",35.352,2024-06-20,"R3","Mega","Heated",2024-03-18,2024-07-15,116,22,94,"fruiting",209.95096,-13.37296
"72",2024-07-19,2024-07-12,"G1V3W4","G1","V3","W","4",246.318,2,"",35.352,2024-04-11,"V3","Dorothea","Heated",2024-03-18,2024-07-15,116,92,24,"young",157.048076923077,89.2699230769231
"73",2024-07-19,2024-07-12,"G4R1D5","G4","R1","D","5",25.594,1,"",57.606,2024-06-21,"R5","Mega","Heated",2024-03-18,2024-07-15,116,21,95,"mature",209.95096,-184.35696
"74",2024-07-19,2024-07-12,"G1R1D5","G1","R1","D","5",203.414,1,"",57.606,2024-06-21,"R4","Mega","Heated",2024-03-18,2024-07-15,116,21,95,"mature",157.048076923077,46.3659230769231
"75",2024-07-19,2024-07-12,"G3R1D5","G3","R1","D","5",176.944,1,"",57.606,2024-06-21,"R1","Mega","Heated",2024-03-18,2024-07-15,116,21,95,"fruiting",102.364692307692,74.5793076923077
"76",2024-07-19,2024-07-12,"G3R1W5","G3","R1","W","5",119.744,1,"",57.606,2024-06-21,"R1","Mega","Heated",2024-03-18,2024-07-15,116,21,95,"fruiting",102.364692307692,17.3793076923077
"77",2024-07-19,2024-07-12,"G2R6C4","G2","R6","C","4",313.088,2,"",35.352,NA,"C",NA,"Not heated",2024-03-18,2024-07-15,116,NA,NA,"mature",237.94464,75.14336
"78",2024-07-19,2024-07-12,"G3V7D3","G3","V7","D","3",57.738,2,"",35.352,2024-04-25,"V7","Ivy","Heated",2024-03-18,2024-07-15,116,78,38,"young",102.364692307692,-44.6266923076923
"79",2024-07-19,2024-07-12,"G1R6D5","G1","R6","D","5",254.594,1,"",57.606,2024-06-30,"R5","Mega","Heated",2024-03-18,2024-07-15,116,12,104,"mature",157.048076923077,97.5459230769231
"80",2024-07-19,2024-07-12,"G4V7C5","G4","V7","C","5",339.704,1,"",57.606,NA,"C",NA,"Not heated",2024-03-18,2024-07-15,116,NA,NA,"mature",209.95096,129.75304
"81",2024-07-19,2024-07-12,"G1R1W5","G1","R1","W","5",145.614,1,"",57.606,2024-06-21,"R1","Mega","Heated",2024-03-18,2024-07-15,116,21,95,"fruiting",157.048076923077,-11.4340769230769
"82",2024-07-19,2024-07-12,"G2R6D5","G2","R6","D","5",440.694,1,"",57.606,2024-06-30,"R6","","Heated",2024-03-18,2024-07-15,116,12,104,"mature",237.94464,202.74936
"83",2024-07-19,2024-07-12,"G5V7D4","G5","V7","D","4",105.564,1,"",57.606,2024-04-25,"V7","Ivy","Heated",2024-03-18,2024-07-15,116,78,38,"young",394.59225,-289.02825
"84",2024-07-19,2024-07-12,"G2V3W5","G2","V3","W","5",357.004,1,"",57.606,2024-04-12,"V3","Ivy","Heated",2024-03-18,2024-07-15,116,91,25,"young",237.94464,119.05936
"85",2024-07-19,2024-07-12,"G2V7D5","G2","V7","D","5",329.014,1,"",57.606,2024-04-26,"V7","Dorothea","Heated",2024-03-18,2024-07-15,116,77,39,"young",237.94464,91.06936
"86",2024-07-19,2024-07-12,"G3R6D5","G3","R6","D","5",264.534,1,"",57.606,2024-06-30,"R5","Mega","Heated",2024-03-18,2024-07-15,116,12,104,"mature",102.364692307692,162.169307692308
"87",2024-07-19,2024-07-12,"G5V3C5","G5","V3","C","5",527.124,1,"",57.606,NA,"C",NA,"Not heated",2024-03-18,2024-07-15,116,NA,NA,"mature",394.59225,132.53175
"88",2024-07-19,2024-07-12,"G3R1C5","G3","R1","C","5",162.694,1,"",57.606,NA,"C",NA,"Not heated",2024-03-18,2024-07-15,116,NA,NA,"mature",102.364692307692,60.3293076923077
"89",2024-07-19,2024-07-12,"G3V3W5","G3","V3","W","5",396.134,1,"",57.606,2024-04-12,"V3","Ivy","Heated",2024-03-18,2024-07-15,116,91,25,"young",102.364692307692,293.769307692308
"90",2024-07-19,2024-07-12,"G1R6C5","G1","R6","C","5",200.804,1,"",57.606,NA,"C",NA,"Not heated",2024-03-18,2024-07-15,116,NA,NA,"mature",157.048076923077,43.7559230769231
"91",2024-07-19,2024-07-12,"G1V7D5","G1","V7","D","5",181.844,1,"",57.606,2024-04-26,"V7","Dorothea","Heated",2024-03-18,2024-07-15,116,77,39,"young",157.048076923077,24.7959230769231
"92",2024-07-19,2024-07-12,"G5V7C5","G5","V7","C","5",592.994,1,"",57.606,NA,"C",NA,"Not heated",2024-03-18,2024-07-15,116,NA,NA,"mature",394.59225,198.40175
"93",2024-07-19,2024-07-12,"G3V7C4","G3","V7","C","4",93.318,2,"",35.352,NA,"C",NA,"Not heated",2024-03-18,2024-07-15,116,NA,NA,"mature",102.364692307692,-9.04669230769233
"94",2024-07-19,2024-07-12,"G4R1W4","G4","R1","W","4",99.678,2,"",35.352,2024-06-20,"R2","Mega","Heated",2024-03-18,2024-07-15,116,22,94,"fruiting",209.95096,-110.27296
"95",2024-07-19,2024-07-12,"G3R1W3","G3","R1","W","3",66.578,2,"",35.352,2024-06-19,"R1","Mega","Heated",2024-03-18,2024-07-15,116,23,93,"fruiting",102.364692307692,-35.7866923076923
"96",2024-07-19,2024-07-12,"G4V3C5","G4","V3","C","5",367.974,1,"",57.606,NA,"C",NA,"Not heated",2024-03-18,2024-07-15,116,NA,NA,"mature",209.95096,158.02304
"97",2024-07-19,2024-07-12,"G2R1C5","G2","R1","C","5",565.774,1,"",57.606,NA,"C",NA,"Not heated",2024-03-18,2024-07-15,116,NA,NA,"mature",237.94464,327.82936
"98",2024-07-19,2024-07-12,"G3V15C5","G3","V15","C","5",127.594,1,"",57.606,NA,"C",NA,"Not heated",2024-03-18,2024-07-15,116,NA,NA,"mature",102.364692307692,25.2293076923077
"99",2024-07-19,2024-07-12,"G1V7C4","G1","V7","C","4",112.744,1,"",57.606,NA,"C",NA,"Not heated",2024-03-18,2024-07-15,116,NA,NA,"mature",157.048076923077,-44.3040769230769
"100",2024-07-19,2024-07-12,"G2R1D4","G2","R1","D","4",186.054,1,"",57.606,NA,NA,NA,"Heated",2024-03-18,2024-07-15,116,NA,NA,"mature",237.94464,-51.89064
"101",2024-07-19,2024-07-12,"G3R6C4","G3","R6","C","4",-6.756,1,"",57.606,NA,"C",NA,"Not heated",2024-03-18,2024-07-15,116,NA,NA,"mature",102.364692307692,-109.120692307692
"102",2024-07-19,2024-07-12,"G1V15D5","G1","V15","D","5",115.034,1,"",57.606,2024-05-23,"R1","Mega","Heated",2024-03-18,2024-07-15,116,50,66,"fruiting",157.048076923077,-42.0140769230769
"103",2024-07-19,2024-07-12,"G3V3C4","G3","V3","C","4",78.294,1,"",57.606,NA,"C",NA,"Not heated",2024-03-18,2024-07-15,116,NA,NA,"mature",102.364692307692,-24.0706923076923
"104",2024-07-19,2024-07-12,"G4V3W5","G4","V3","W","5",312.464,1,"",57.606,2024-04-12,"V3","Ivy","Heated",2024-03-18,2024-07-15,116,91,25,"young",209.95096,102.51304
"105",2024-07-19,2024-07-12,"G3V3C5","G3","V3","C","5",213.364,1,"",57.606,NA,"C",NA,"Not heated",2024-03-18,2024-07-15,116,NA,NA,"mature",102.364692307692,110.999307692308
"106",2024-07-19,2024-07-12,"G2R1D5","G2","R1","D","5",386.104,1,"",57.606,2024-06-21,"R5","Mega","Heated",2024-03-18,2024-07-15,116,21,95,"mature",237.94464,148.15936
"107",2024-07-19,2024-07-12,"G5R6C5","G5","R6","C","5",605.344,1,"",57.606,NA,"C",NA,"Not heated",2024-03-18,2024-07-15,116,NA,NA,"mature",394.59225,210.75175
"108",2024-07-19,2024-07-12,"G2R1W4","G2","R1","W","4",294.324,1,"",57.606,2024-06-20,"R5","Mega","Heated",2024-03-18,2024-07-15,116,22,94,"mature",237.94464,56.37936
"109",2024-07-19,2024-07-12,"G3V15D4","G3","V15","D","4",219.344,1,"",57.606,2024-05-24,"R1","Mega","Heated",2024-03-18,2024-07-15,116,49,67,"fruiting",102.364692307692,116.979307692308
"110",2024-07-19,2024-07-12,"G1V15C5","G1","V15","C","5",306.074,1,"",57.606,NA,"C",NA,"Not heated",2024-03-18,2024-07-15,116,NA,NA,"mature",157.048076923077,149.025923076923
"111",2024-07-19,2024-07-12,"G3R6W5","G3","R6","W","5",86.924,1,"",57.606,2024-06-27,"R3","","Heated",2024-03-18,2024-07-15,116,15,101,"fruiting",102.364692307692,-15.4406923076923
"112",2024-07-19,2024-07-12,"G3R1C4","G3","R1","C","4",220.558,2,"",35.352,NA,"C",NA,"Not heated",2024-03-18,2024-07-15,116,NA,NA,"mature",102.364692307692,118.193307692308
"113",2024-07-19,2024-07-12,"G5R1W3","G5","R1","W","3",248.878,2,"",35.352,2024-06-19,"R4","Mega","Heated",2024-03-18,2024-07-15,116,23,93,"mature",394.59225,-145.71425
"114",2024-07-19,2024-07-12,"G5R1D4","G5","R1","D","4",381.888,2,"",35.352,2024-06-21,"R6","Mega","Heated",2024-03-18,2024-07-15,116,21,95,"mature",394.59225,-12.7042499999999
"115",2024-07-19,2024-07-12,"G1V3D3","G1","V3","D","3",198.328,2,"",35.352,2024-04-11,"V3","Dorothea","Heated",2024-03-18,2024-07-15,116,92,24,"young",157.048076923077,41.2799230769231
"116",2024-07-19,2024-07-12,"G3V3D5","G3","V3","D","5",200.298,2,"",35.352,2024-04-12,"V3","Dorothea","Heated",2024-03-18,2024-07-15,116,91,25,"young",102.364692307692,97.9333076923077
"117",2024-07-19,2024-07-12,"G1R1D3","G1","R1","D","3",339.168,2,"",35.352,NA,NA,NA,"Heated",2024-03-18,2024-07-15,116,NA,NA,"mature",157.048076923077,182.119923076923
"118",2024-07-19,2024-07-12,"G4V15W4","G4","V15","W","4",214.538,2,"",35.352,2024-05-24,"R1","Mega","Heated",2024-03-18,2024-07-15,116,49,67,"fruiting",209.95096,4.58703999999997
"119",2024-07-19,2024-07-12,"G1V15C4","G1","V15","C","4",65.468,2,"",35.352,NA,"C",NA,"Not heated",2024-03-18,2024-07-15,116,NA,NA,"mature",157.048076923077,-91.580076923077
"120",2024-07-19,2024-07-12,"G5V15W4","G5","V15","W","4",221.478,2,"",35.352,2024-05-24,"R1","Mega","Heated",2024-03-18,2024-07-15,116,49,67,"fruiting",394.59225,-173.11425
"121",2024-07-19,2024-07-12,"G5V3D4","G5","V3","D","4",444.278,2,"",35.352,2024-04-11,"V5","Ivy","Heated",2024-03-18,2024-07-15,116,92,24,"young",394.59225,49.68575
"122",2024-07-19,2024-07-12,"G4R6C4","G4","R6","C","4",138.008,2,"",35.352,NA,"C",NA,"Not heated",2024-03-18,2024-07-15,116,NA,NA,"mature",209.95096,-71.94296
"123",2024-07-19,2024-07-12,"G2R1D3","G2","R1","D","3",55.718,2,"",35.352,2024-06-20,"V15","Mega","Heated",2024-03-18,2024-07-15,116,22,94,"fruiting",237.94464,-182.22664
"124",2024-07-19,2024-07-12,"G2V7W4","G2","V7","W","4",363.728,2,"",35.352,2024-04-25,"V7","Dorothea","Heated",2024-03-18,2024-07-15,116,78,38,"young",237.94464,125.78336
"125",2024-07-19,2024-07-12,"G4V7C4","G4","V7","C","4",329.348,2,"",35.352,NA,"C",NA,"Not heated",2024-03-18,2024-07-15,116,NA,NA,"mature",209.95096,119.39704
"126",2024-07-19,2024-07-12,"G1V7C3","G1","V7","C","3",137.408,2,"",35.352,NA,"C",NA,"Not heated",2024-03-18,2024-07-15,116,NA,NA,"mature",157.048076923077,-19.6400769230769
"127",2024-07-19,2024-07-12,"G5R6C4","G5","R6","C","4",406.198,2,"",35.352,NA,"C",NA,"Not heated",2024-03-18,2024-07-15,116,NA,NA,"mature",394.59225,11.6057500000001
"128",2024-07-19,2024-07-12,"G1V3C4","G1","V3","C","4",123.488,2,"",35.352,NA,"C",NA,"Not heated",2024-03-18,2024-07-15,116,NA,NA,"mature",157.048076923077,-33.5600769230769
"129",2024-07-19,2024-07-12,"G2V3W4","G2","V3","W","4",129.838,2,"",35.352,2024-04-11,"V3","Dorothea","Heated",2024-03-18,2024-07-15,116,92,24,"young",237.94464,-108.10664
"130",2024-07-19,2024-07-12,"G5V15W5","G5","V15","W","5",370.114,1,"",57.606,2024-05-23,"R1","Mega","Heated",2024-03-18,2024-07-15,116,50,66,"fruiting",394.59225,-24.4782499999999
"131",2024-07-19,2024-07-12,"G4R1W5","G4","R1","W","5",403.724,1,"",57.606,2024-06-21,"R5","Mega","Heated",2024-03-18,2024-07-15,116,21,95,"mature",209.95096,193.77304
"132",2024-07-19,2024-07-12,"G2V15W5","G2","V15","W","5",343.154,1,"",57.606,2024-05-23,"R1","Mega","Heated",2024-03-18,2024-07-15,116,50,66,"fruiting",237.94464,105.20936
"133",2024-07-19,2024-07-12,"G1V3W5","G1","V3","W","5",150.794,1,"",57.606,2024-04-12,"V3","Ivy","Heated",2024-03-18,2024-07-15,116,91,25,"young",157.048076923077,-6.25407692307692
"134",2024-07-19,2024-07-12,"G1R1W4","G1","R1","W","4",67.014,1,"",57.606,NA,NA,NA,"Heated",2024-03-18,2024-07-15,116,NA,NA,"mature",157.048076923077,-90.0340769230769
"135",2024-07-19,2024-07-12,"G5R1C5","G5","R1","C","5",511.544,1,"",57.606,NA,"C",NA,"Not heated",2024-03-18,2024-07-15,116,NA,NA,"mature",394.59225,116.95175
"136",2024-07-19,2024-07-12,"G3R6C5","G3","R6","C","5",37.744,1,"",57.606,NA,"C",NA,"Not heated",2024-03-18,2024-07-15,116,NA,NA,"mature",102.364692307692,-64.6206923076923
"137",2024-07-19,2024-07-12,"G2V7C5","G2","V7","C","5",515.284,1,"",57.606,NA,"C",NA,"Not heated",2024-03-18,2024-07-15,116,NA,NA,"mature",237.94464,277.33936
"138",2024-07-19,2024-07-12,"G5V7W5","G5","V7","W","5",25.014,1,"",57.606,2024-04-26,"V7","Ivy","Heated",2024-03-18,2024-07-15,116,77,39,"young",394.59225,-369.57825
"139",2024-07-29,2024-07-19,"G4V15W3","G4","V15","W","3",104.704,3,"",52.846,2024-05-22,"R1","Mega","Heated",2024-03-18,2024-07-15,123,58,65,"fruiting",209.95096,-105.24696
"140",2024-07-29,2024-07-19,"G4V3D3","G4","V3","D","3",202.32,4,"",65.1,2024-04-11,"V3","Dorothea","Heated",2024-03-18,2024-07-15,123,99,24,"young",209.95096,-7.63095999999999
"141",2024-07-29,2024-07-19,"G5V15D3","G5","V15","D","3",165.844,1,"",57.606,2024-05-22,"R1","Mega","Heated",2024-03-18,2024-07-15,123,58,65,"fruiting",394.59225,-228.74825
"142",2024-07-29,2024-07-19,"G4V3C4","G4","V3","C","4",94.984,1,"",57.606,NA,"C",NA,"Not heated",2024-03-18,2024-07-15,123,NA,NA,"mature",209.95096,-114.96696
"143",2024-07-29,2024-07-19,"G5V15D4","G5","V15","D","4",261.484,1,"",57.606,2024-05-24,"R1","Mega","Heated",2024-03-18,2024-07-15,123,56,67,"fruiting",394.59225,-133.10825
"144",2024-07-29,2024-07-19,"G4V15C4","G4","V15","C","4",159.344,1,"",57.606,NA,"C",NA,"Not heated",2024-03-18,2024-07-15,123,NA,NA,"mature",209.95096,-50.60696
"145",2024-07-29,2024-07-19,"G5R6D3","G5","R6","D","3",373.554,1,"",57.606,2024-06-28,"R6","","Heated",2024-03-18,2024-07-15,123,21,102,"mature",394.59225,-21.0382499999999
"146",2024-07-29,2024-07-19,"G1R6W3","G1","R6","W","3",168.444,1,"",57.606,2024-06-26,"R4","","Heated",2024-03-18,2024-07-15,123,23,100,"mature",157.048076923077,11.3959230769231
"147",2024-07-29,2024-07-19,"G1V7W3","G1","V7","W","3",54.414,1,"",57.606,2024-04-25,"V7","Dorothea","Heated",2024-03-18,2024-07-15,123,85,38,"young",157.048076923077,-102.634076923077
"148",2024-07-29,2024-07-19,"G4R1D4","G4","R1","D","4",138.948,2,"",35.352,2024-06-21,"R1","Mega","Heated",2024-03-18,2024-07-15,123,28,95,"fruiting",209.95096,-71.00296
"149",2024-07-29,2024-07-19,"G1R6D4","G1","R6","D","4",137.628,2,"",35.352,2024-06-29,"R3","","Heated",2024-03-18,2024-07-15,123,20,103,"fruiting",157.048076923077,-19.4200769230769
"150",2024-07-29,2024-07-19,"G2R1W3","G2","R1","W","3",219.268,2,"",35.352,2024-06-19,"R5","Mega","Heated",2024-03-18,2024-07-15,123,30,93,"mature",237.94464,-18.67664
"151",2024-07-29,2024-07-19,"G5V3C4","G5","V3","C","4",192.668,2,"",35.352,NA,"C",NA,"Not heated",2024-03-18,2024-07-15,123,NA,NA,"mature",394.59225,-201.92425
"152",2024-07-29,2024-07-19,"G4V7W3","G4","V7","W","3",82.978,2,"",35.352,2024-04-25,"V7","Dorothea","Heated",2024-03-18,2024-07-15,123,85,38,"young",209.95096,-126.97296
"153",2024-07-29,2024-07-19,"G1R6D3","G1","R6","D","3",160.078,2,"",35.352,2024-06-28,"R5","Mega","Heated",2024-03-18,2024-07-15,123,21,102,"mature",157.048076923077,3.02992307692307
"154",2024-07-29,2024-07-19,"G5R6W4","G5","R6","W","4",339.198,2,"",35.352,2024-06-27,"R6","","Heated",2024-03-18,2024-07-15,123,22,101,"mature",394.59225,-55.3942499999999
"155",2024-07-29,2024-07-19,"G3V3W3","G3","V3","W","3",63.758,2,"",35.352,2024-04-11,"V3","Ivy","Heated",2024-03-18,2024-07-15,123,99,24,"young",102.364692307692,-38.6066923076923
"156",2024-07-29,2024-07-19,"G3R6D3","G3","R6","D","3",201.52,4,"",65.1,2024-06-28,"R3","","Heated",2024-03-18,2024-07-15,123,21,102,"fruiting",102.364692307692,99.1553076923077
"157",2024-07-29,2024-07-19,"G1R6C3","G1","R6","C","3",146.74,4,"",65.1,NA,"C",NA,"Not heated",2024-03-18,2024-07-15,123,NA,NA,"mature",157.048076923077,-10.3080769230769
"158",2024-07-29,2024-07-19,"G4V15D4","G4","V15","D","4",57.036,5,"",58.834,2024-05-24,"V15","Mega","Heated",2024-03-18,2024-07-15,123,56,67,"fruiting",209.95096,-152.91496
"159",2024-07-29,2024-07-19,"G3R1W2","G3","R1","W","2",9.13399999999999,1,"",57.606,2024-06-19,"VT","Mega","Heated",2024-03-18,2024-07-15,123,30,93,"fruiting",102.364692307692,-93.2306923076923
"160",2024-07-29,2024-07-19,"G4R6C2","G4","R6","C","2",375.884,1,"",57.606,NA,"C",NA,"Not heated",2024-03-18,2024-07-15,123,NA,NA,"mature",209.95096,165.93304
"161",2024-07-29,2024-07-19,"G2V3C2","G2","V3","C","2",138.454,1,"",57.606,NA,"C",NA,"Not heated",2024-03-18,2024-07-15,123,NA,NA,"mature",237.94464,-99.49064
"162",2024-07-29,2024-07-19,"G5V3C2","G5","V3","C","2",486.574,1,"",57.606,NA,"C",NA,"Not heated",2024-03-18,2024-07-15,123,NA,NA,"mature",394.59225,91.98175
"163",2024-07-29,2024-07-19,"G4V15D2","G4","V15","D","2",9.794,1,"",57.606,2024-05-21,"VT","Mega","Heated",2024-03-18,2024-07-15,123,59,64,"fruiting",209.95096,-200.15696
"164",2024-07-29,2024-07-19,"G3R1C2","G3","R1","C","2",127.794,1,"",57.606,NA,"C",NA,"Not heated",2024-03-18,2024-07-15,123,NA,NA,"mature",102.364692307692,25.4293076923077
"165",2024-07-29,2024-07-19,"G1V15W2","G1","V15","W","2",99.794,1,"",57.606,2024-05-21,"VT","Mega","Heated",2024-03-18,2024-07-15,123,59,64,"fruiting",157.048076923077,-57.2540769230769
"166",2024-07-29,2024-07-19,"G1R1W2","G1","R1","W","2",111.724,1,"",57.606,2024-06-19,"R2","Mega","Heated",2024-03-18,2024-07-15,123,30,93,"fruiting",157.048076923077,-45.3240769230769
"167",2024-07-29,2024-07-19,"G3V15C1","G3","V15","C","1",95.144,3,"",52.846,NA,"C",NA,"Not heated",2024-03-18,2024-07-15,123,NA,NA,"mature",102.364692307692,-7.2206923076923
"168",2024-07-29,2024-07-19,"G5V7W2","G5","V7","W","2",480.71,4,"",65.1,2024-04-24,"V6","Dorothea","Heated",2024-03-18,2024-07-15,123,86,37,"young",394.59225,86.11775
"169",2024-07-29,2024-07-19,"G1V3C2","G1","V3","C","2",143.98,4,"",65.1,NA,"C",NA,"Not heated",2024-03-18,2024-07-15,123,NA,NA,"mature",157.048076923077,-13.0680769230769
"170",2024-07-29,2024-07-19,"G2R1W2","G2","R1","W","2",502.53,4,"",65.1,2024-06-19,"R5","Mega","Heated",2024-03-18,2024-07-15,123,30,93,"mature",237.94464,264.58536
"171",2024-07-29,2024-07-19,"G5V15C2","G5","V15","C","2",407.32,4,"",65.1,NA,"C",NA,"Not heated",2024-03-18,2024-07-15,123,NA,NA,"mature",394.59225,12.7277500000001
"172",2024-07-29,2024-07-19,"G3V15W2","G3","V15","W","2",26.51,4,"",65.1,2024-05-21,"V15","Mega","Heated",2024-03-18,2024-07-15,123,59,64,"fruiting",102.364692307692,-75.8546923076923
"173",2024-07-29,2024-07-19,"G5V3D3","G5","V3","D","3",203.136,5,"",58.834,2024-04-11,"V3","Dorothea","Heated",2024-03-18,2024-07-15,123,99,24,"young",394.59225,-191.45625
"174",2024-07-29,2024-07-19,"G3V7W3","G3","V7","W","3",51.586,5,"",58.834,2024-04-25,"V7","Dorothea","Heated",2024-03-18,2024-07-15,123,85,38,"young",102.364692307692,-50.7786923076923
"175",2024-07-29,2024-07-19,"G3R1C3","G3","R1","C","3",122.196,5,"",58.834,NA,"C",NA,"Not heated",2024-03-18,2024-07-15,123,NA,NA,"mature",102.364692307692,19.8313076923077
"176",2024-07-29,2024-07-19,"G4V3D2","G4","V3","D","2",160.444,1,"",57.606,2024-04-10,"V3","Dorothea","Heated",2024-03-18,2024-07-15,123,100,23,"young",209.95096,-49.50696
"177",2024-07-29,2024-07-19,"G1R6C2","G1","R6","C","2",173.604,1,"",57.606,NA,"C",NA,"Not heated",2024-03-18,2024-07-15,123,NA,NA,"mature",157.048076923077,16.5559230769231
"178",2024-07-29,2024-07-19,"G5V15D2","G5","V15","D","2",103.364,1,"",57.606,2024-05-21,"VT","Mega","Heated",2024-03-18,2024-07-15,123,59,64,"fruiting",394.59225,-291.22825
"179",2024-07-29,2024-07-19,"G4R1D2","G4","R1","D","2",128.714,1,"",57.606,2024-06-18,"VT","Mega","Heated",2024-03-18,2024-07-15,123,31,92,"fruiting",209.95096,-81.23696
"180",2024-07-29,2024-07-19,"G4V7D2","G4","V7","D","2",158.764,1,"",57.606,2024-04-24,"V8","Ivy","Heated",2024-03-18,2024-07-15,123,86,37,"young",209.95096,-51.18696
"181",2024-07-29,2024-07-19,"G1R1W3","G1","R1","W","3",102.808,2,"",35.352,2024-06-19,"R3","Mega","Heated",2024-03-18,2024-07-15,123,30,93,"fruiting",157.048076923077,-54.2400769230769
"182",2024-07-29,2024-07-19,"G3V7C3","G3","V7","C","3",98.428,2,"",35.352,NA,"C",NA,"Not heated",2024-03-18,2024-07-15,123,NA,NA,"mature",102.364692307692,-3.93669230769231
"183",2024-07-29,2024-07-19,"G1R1C2","G1","R1","C","2",99.08,4,"",65.1,NA,"C",NA,"Not heated",2024-03-18,2024-07-15,123,NA,NA,"mature",157.048076923077,-57.9680769230769
"184",2024-07-29,2024-07-19,"G3V7W2","G3","V7","W","2",34.84,4,"",65.1,2024-04-24,"V6","Dorothea","Heated",2024-03-18,2024-07-15,123,86,37,"young",102.364692307692,-67.5246923076923
"185",2024-07-29,2024-07-19,"G4V7W2","G4","V7","W","2",127.55,4,"",65.1,2024-04-24,"V7","Dorothea","Heated",2024-03-18,2024-07-15,123,86,37,"young",209.95096,-82.40096
"186",2024-07-29,2024-07-19,"G3V3W2","G3","V3","W","2",212.28,4,"",65.1,2024-04-10,"V5","Ivy","Heated",2024-03-18,2024-07-15,123,100,23,"young",102.364692307692,109.915307692308
"187",2024-07-29,2024-07-19,"G3R6C2","G3","R6","C","2",-3.02999999999999,4,"",65.1,NA,"C",NA,"Not heated",2024-03-18,2024-07-15,123,NA,NA,"mature",102.364692307692,-105.394692307692
"188",2024-07-29,2024-07-19,"G2V7W2","G2","V7","W","2",431.65,4,"",65.1,2024-04-24,"V6","Dorothea","Heated",2024-03-18,2024-07-15,123,86,37,"young",237.94464,193.70536
"189",2024-07-29,2024-07-19,"G5R1C2","G5","R1","C","2",526.93,4,"Taped hole in bag after taking weight",65.1,NA,"C",NA,"Not heated",2024-03-18,2024-07-15,123,NA,NA,"mature",394.59225,132.33775
"190",2024-07-29,2024-07-19,"G1V15C2","G1","V15","C","2",371.54,4,"Taped hole in bag after taking weight",65.1,NA,"C",NA,"Not heated",2024-03-18,2024-07-15,123,NA,NA,"mature",157.048076923077,214.491923076923
"191",2024-07-29,2024-07-19,"G3V7W4","G3","V7","W","4",9.596,5,"",58.834,2024-04-25,"V6","Dorothea","Heated",2024-03-18,2024-07-15,123,85,38,"young",102.364692307692,-92.7686923076923
"192",2024-07-29,2024-07-19,"G5V15W2","G5","V15","W","2",148.184,1,"",57.606,2024-05-21,"R1","Mega","Heated",2024-03-18,2024-07-15,123,59,64,"fruiting",394.59225,-246.40825
"193",2024-07-29,2024-07-19,"G2R1C3","G2","R1","C","3",307.844,1,"",57.606,NA,"C",NA,"Not heated",2024-03-18,2024-07-15,123,NA,NA,"mature",237.94464,69.89936
"194",2024-07-29,2024-07-19,"G1V7C2","G1","V7","C","2",81.654,1,"",57.606,NA,"C",NA,"Not heated",2024-03-18,2024-07-15,123,NA,NA,"mature",157.048076923077,-75.3940769230769
"195",2024-07-29,2024-07-19,"G1R6D2","G1","R6","D","2",25.294,1,"*insect droppings on exterior of bag",57.606,2024-06-28,"R1","","Heated",2024-03-18,2024-07-15,123,21,102,"fruiting",157.048076923077,-131.754076923077
"196",2024-07-29,2024-07-19,"G5R6D2","G5","R6","D","2",244.364,1,"",57.606,2024-06-28,"R5","Mega","Heated",2024-03-18,2024-07-15,123,21,102,"mature",394.59225,-150.22825
"197",2024-07-29,2024-07-19,"G4R6D2","G4","R6","D","2",324.554,1,"",57.606,2024-06-28,"R5","Mega","Heated",2024-03-18,2024-07-15,123,21,102,"mature",209.95096,114.60304
"198",2024-07-29,2024-07-19,"G4R1C2","G4","R1","C","2",178.134,1,"",57.606,NA,"C",NA,"Not heated",2024-03-18,2024-07-15,123,NA,NA,"mature",209.95096,-31.81696
"199",2024-07-29,2024-07-19,"G1V3W2","G1","V3","W","2",216.074,1,"",57.606,2024-04-10,"V3","Dorothea","Heated",2024-03-18,2024-07-15,123,100,23,"young",157.048076923077,59.0259230769231
"200",2024-07-29,2024-07-19,"G3R6W4","G3","R6","W","4",37.934,1,"",57.606,2024-06-27,"R1","","Heated",2024-03-18,2024-07-15,123,22,101,"fruiting",102.364692307692,-64.4306923076923
"201",2024-07-29,2024-07-19,"G4V3D4","G4","V3","D","4",14.254,1,"",57.606,2024-04-11,"V3","Ivy","Heated",2024-03-18,2024-07-15,123,99,24,"young",209.95096,-195.69696
"202",2024-07-29,2024-07-19,"G2R6W4","G2","R6","W","4",375.204,1,"",57.606,2024-06-27,"R6","","Heated",2024-03-18,2024-07-15,123,22,101,"mature",237.94464,137.25936
"203",2024-07-29,2024-07-19,"G3R1D2","G3","R1","D","2",39.864,1,"",57.606,2024-06-18,"VT","Mega","Heated",2024-03-18,2024-07-15,123,31,92,"fruiting",102.364692307692,-62.5006923076923
"204",2024-07-29,2024-07-19,"G3V15C2","G3","V15","C","2",51.994,1,"",57.606,NA,"C",NA,"Not heated",2024-03-18,2024-07-15,123,NA,NA,"mature",102.364692307692,-50.3706923076923
"205",2024-07-29,2024-07-19,"G2V3D3","G2","V3","D","3",36.154,1,"",57.606,2024-04-11,"V3","Dorothea","Heated",2024-03-18,2024-07-15,123,99,24,"young",237.94464,-201.79064
"206",2024-07-29,2024-07-19,"G2R6C2","G2","R6","C","2",333.994,1,"",57.606,NA,"C",NA,"Not heated",2024-03-18,2024-07-15,123,NA,NA,"mature",237.94464,96.04936
"207",2024-07-29,2024-07-19,"G2V3C3","G2","V3","C","3",343.624,1,"",57.606,NA,"C",NA,"Not heated",2024-03-18,2024-07-15,123,NA,NA,"mature",237.94464,105.67936
"208",2024-07-29,2024-07-19,"G3V3D2","G3","V3","D","2",54.334,1,"",57.606,2024-04-10,"V3","Dorothea","Heated",2024-03-18,2024-07-15,123,100,23,"young",102.364692307692,-48.0306923076923
"209",2024-07-29,2024-07-19,"G2V15D3","G2","V15","D","3",135.434,1,"",57.606,2024-05-22,"R1","Mega","Heated",2024-03-18,2024-07-15,123,58,65,"fruiting",237.94464,-102.51064
"210",2024-07-29,2024-07-19,"G4R1W3","G4","R1","W","3",251.888,2,"",35.352,2024-06-19,"R4","Mega","Heated",2024-03-18,2024-07-15,123,30,93,"mature",209.95096,41.93704
"211",2024-07-29,2024-07-19,"G5R6W3","G5","R6","W","3",576.578,2,"",35.352,2024-06-26,"R6","","Heated",2024-03-18,2024-07-15,123,23,100,"mature",394.59225,181.98575
"212",2024-07-29,2024-07-19,"G3R1C4","G3","R1","C","4",359.678,2,"",35.352,NA,"C",NA,"Not heated",2024-03-18,2024-07-15,123,NA,NA,"mature",102.364692307692,257.313307692308
"213",2024-07-29,2024-07-19,"G2V3C4","G2","V3","C","4",56.218,2,"",35.352,NA,"C",NA,"Not heated",2024-03-18,2024-07-15,123,NA,NA,"mature",237.94464,-181.72664
"214",2024-07-29,2024-07-19,"G2R6D4","G2","R6","D","4",332.468,2,"",35.352,2024-06-29,"R6","","Heated",2024-03-18,2024-07-15,123,20,103,"mature",237.94464,94.52336
"215",2024-07-29,2024-07-19,"G4V7W4","G4","V7","W","4",141.358,2,"",35.352,2024-04-25,"V8","Dorothea","Heated",2024-03-18,2024-07-15,123,85,38,"young",209.95096,-68.59296
"216",2024-07-29,2024-07-19,"G2V15C3","G2","V15","C","3",298.07,4,"",65.1,NA,"C",NA,"Not heated",2024-03-18,2024-07-15,123,NA,NA,"mature",237.94464,60.1253600000001
"217",2024-07-29,2024-07-19,"G2V7D3","G2","V7","D","3",299.67,4,"",65.1,2024-04-25,"V8","Ivy","Heated",2024-03-18,2024-07-15,123,85,38,"young",237.94464,61.72536
"218",2024-07-29,2024-07-19,"G2V7D3","G2","V7","D","3",299.67,4,"",65.1,2024-04-25,"V8","Dorothea","Heated",2024-03-18,2024-07-15,123,85,38,"young",237.94464,61.72536
"219",2024-07-29,2024-07-19,"G3V15C4","G3","V15","C","4",7.65000000000001,4,"",65.1,NA,"C",NA,"Not heated",2024-03-18,2024-07-15,123,NA,NA,"mature",102.364692307692,-94.7146923076923
"220",2024-07-29,2024-07-19,"G5V7C4","G5","V7","C","4",233.47,4,"",65.1,NA,"C",NA,"Not heated",2024-03-18,2024-07-15,123,NA,NA,"mature",394.59225,-161.12225
"221",2024-07-29,2024-07-19,"G2V7C2","G2","V7","C","2",12.37,4,"",65.1,NA,"C",NA,"Not heated",2024-03-18,2024-07-15,123,NA,NA,"mature",237.94464,-225.57464
"222",2024-07-29,2024-07-19,"G3R6W2","G3","R6","W","2",149.57,4,"",65.1,2024-06-26,"R2","","Heated",2024-03-18,2024-07-15,123,23,100,"fruiting",102.364692307692,47.2053076923077
"223",2024-07-29,2024-07-19,"G2R1C2","G2","R1","C","2",402.54,4,"",65.1,NA,"C",NA,"Not heated",2024-03-18,2024-07-15,123,NA,NA,"mature",237.94464,164.59536
"224",2024-07-29,2024-07-19,"G2V7C4","G2","V7","C","4",47.71,4,"",65.1,NA,"C",NA,"Not heated",2024-03-18,2024-07-15,123,NA,NA,"mature",237.94464,-190.23464
"225",2024-07-29,2024-07-19,"G3R6C3","G3","R6","C","3",8.45,4,"",65.1,NA,"C",NA,"Not heated",2024-03-18,2024-07-15,123,NA,NA,"mature",102.364692307692,-93.9146923076923
"226",2024-07-29,2024-07-19,"G4V3W2","G4","V3","W","2",182.97,4,"",65.1,2024-04-10,"V3","Dorothea","Heated",2024-03-18,2024-07-15,123,100,23,"young",209.95096,-26.98096
"227",2024-07-29,2024-07-19,"G2V15D4","G2","V15","D","4",85.376,5,"",58.834,2024-05-24,"R1","Mega","Heated",2024-03-18,2024-07-15,123,56,67,"fruiting",237.94464,-152.56864
"228",2024-07-29,2024-07-19,"G1R6W4","G1","R6","W","4",395.136,5,"",58.834,2024-06-27,"R5","Mega","Heated",2024-03-18,2024-07-15,123,22,101,"mature",157.048076923077,238.087923076923
"229",2024-07-29,2024-07-19,"G1V15W4","G1","V15","W","4",10.036,5,"",58.834,2024-05-24,"V14","Mega","Heated",2024-03-18,2024-07-15,123,56,67,"fruiting",157.048076923077,-147.012076923077
"230",2024-07-29,2024-07-19,"G2V15C4","G2","V15","C","4",54.546,5,"",58.834,NA,"C",NA,"Not heated",2024-03-18,2024-07-15,123,NA,NA,"mature",237.94464,-183.39864
"231",2024-07-29,2024-07-19,"G4R1C3","G4","R1","C","3",276.006,5,"",58.834,NA,"C",NA,"Not heated",2024-03-18,2024-07-15,123,NA,NA,"mature",209.95096,66.05504
"232",2024-07-30,2024-07-19,"G4V7C2","G4","V7","C","2",196.764,1,"",57.606,NA,"C",NA,"Not heated",2024-03-18,2024-07-15,123,NA,NA,"mature",209.95096,-13.18696
"233",2024-07-30,2024-07-19,"G5V3D2","G5","V3","D","2",466.694,1,"",57.606,2024-04-10,"V3","Ivy","Heated",2024-03-18,2024-07-15,123,100,23,"young",394.59225,72.10175
"234",2024-07-30,2024-07-19,"G5V15C4","G5","V15","C","4",418.224,1,"",57.606,NA,"C",NA,"Not heated",2024-03-18,2024-07-15,123,NA,NA,"mature",394.59225,23.63175
"235",2024-07-30,2024-07-19,"G4R6W3","G4","R6","W","3",67.454,1,"",57.606,2024-06-26,"R2","","Heated",2024-03-18,2024-07-15,123,23,100,"fruiting",209.95096,-142.49696
"236",2024-07-30,2024-07-19,"G1R1D2","G1","R1","D","2",59.654,1,"",57.606,2024-06-18,"R1","Mega","Heated",2024-03-18,2024-07-15,123,31,92,"fruiting",157.048076923077,-97.3940769230769
"237",2024-07-30,2024-07-19,"G5R6C2","G5","R6","C","2",342.684,1,"",57.606,NA,"C",NA,"Not heated",2024-03-18,2024-07-15,123,NA,NA,"mature",394.59225,-51.90825
"238",2024-07-30,2024-07-19,"G2V15W2","G2","V15","W","2",280.854,1,"",57.606,2024-05-21,"R1","Mega","Heated",2024-03-18,2024-07-15,123,59,64,"fruiting",237.94464,42.90936
"239",2024-07-30,2024-07-19,"G4R6W2","G4","R6","W","2",75.984,1,"",57.606,2024-06-26,"R3","","Heated",2024-03-18,2024-07-15,123,23,100,"fruiting",209.95096,-133.96696
"240",2024-07-30,2024-07-19,"G5R1D2","G5","R1","D","2",496.024,1,"",57.606,2024-06-18,"R5","Mega","Heated",2024-03-18,2024-07-15,123,31,92,"mature",394.59225,101.43175
"241",2024-07-30,2024-07-19,"G4R1W2","G4","R1","W","2",125.424,1,"",57.606,2024-06-19,"R2","Mega","Heated",2024-03-18,2024-07-15,123,30,93,"fruiting",209.95096,-84.52696
"242",2024-07-30,2024-07-19,"G4V3C2","G4","V3","C","2",69.284,1,"",57.606,NA,"C",NA,"Not heated",2024-03-18,2024-07-15,123,NA,NA,"mature",209.95096,-140.66696
"243",2024-07-30,2024-07-19,"G2V15D2","G2","V15","D","2",118.454,1,"",57.606,2024-05-21,"VT","Mega","Heated",2024-03-18,2024-07-15,123,59,64,"fruiting",237.94464,-119.49064
"244",2024-07-30,2024-07-19,"G4V15W2","G4","V15","W","2",64.294,1,"",57.606,2024-05-21,"VT","Mega","Heated",2024-03-18,2024-07-15,123,59,64,"fruiting",209.95096,-145.65696
"245",2024-07-30,2024-07-19,"G3V7C2","G3","V7","C","2",68.494,1,"",57.606,NA,"C",NA,"Not heated",2024-03-18,2024-07-15,123,NA,NA,"mature",102.364692307692,-33.8706923076923
"246",2024-07-30,2024-07-19,"G1V3C3","G1","V3","C","3",348.254,1,"",57.606,NA,"C",NA,"Not heated",2024-03-18,2024-07-15,123,NA,NA,"mature",157.048076923077,191.205923076923
"247",2024-07-30,2024-07-19,"G2V7D2","G2","V7","D","2",88.024,1,"",57.606,2024-04-24,"V8","Ivy","Heated",2024-03-18,2024-07-15,123,86,37,"young",237.94464,-149.92064
"248",2024-07-30,2024-07-19,"G2R6C3","G2","R6","C","3",249.758,2,"",35.352,NA,"C",NA,"Not heated",2024-03-18,2024-07-15,123,NA,NA,"mature",237.94464,11.81336
"249",2024-07-30,2024-07-19,"G2R1C4","G2","R1","C","4",67.998,2,"",35.352,NA,"C",NA,"Not heated",2024-03-18,2024-07-15,123,NA,NA,"mature",237.94464,-169.94664
"250",2024-07-30,2024-07-19,"G3V7D4","G3","V7","D","4",65.418,2,"",35.352,2024-04-25,"V7","Ivy","Heated",2024-03-18,2024-07-15,123,85,38,"young",102.364692307692,-36.9466923076923
"251",2024-07-30,2024-07-19,"G4R6D1","G4","R6","D","1",286.324,3,"",52.846,2024-06-28,"R6","","Heated",2024-03-18,2024-07-15,123,21,102,"mature",209.95096,76.37304
"252",2024-07-30,2024-07-19,"G4R6W1","G4","R6","W","1",186.304,3,"",52.846,2024-06-25,"R5","Mega","Heated",2024-03-18,2024-07-15,123,24,99,"mature",209.95096,-23.64696
"253",2024-07-30,2024-07-19,"G1R6W2","G1","R6","W","2",100.204,3,"",52.846,2024-06-26,"R3","","Heated",2024-03-18,2024-07-15,123,23,100,"fruiting",157.048076923077,-56.8440769230769
"254",2024-07-30,2024-07-19,"G3V15D1","G3","V15","D","1",3.434,3,"",52.846,2024-05-20,"V15","Mega","Heated",2024-03-18,2024-07-15,123,60,63,"fruiting",102.364692307692,-98.9306923076923
"255",2024-07-30,2024-07-19,"G3V3D1","G3","V3","D","1",11.524,3,"",52.846,2024-04-10,"V3","Ivy","Heated",2024-03-18,2024-07-15,123,100,23,"young",102.364692307692,-90.8406923076923
"256",2024-07-30,2024-07-19,"G4V7C1","G4","V7","C","1",77.964,3,"",52.846,NA,"C",NA,"Not heated",2024-03-18,2024-07-15,123,NA,NA,"mature",209.95096,-131.98696
"257",2024-07-30,2024-07-19,"G4V15C3","G4","V15","C","3",261.084,3,"",52.846,NA,"C",NA,"Not heated",2024-03-18,2024-07-15,123,NA,NA,"mature",209.95096,51.13304
"258",2024-07-30,2024-07-19,"G3V15C3","G3","V15","C","3",3.584,3,"",52.846,NA,"C",NA,"Not heated",2024-03-18,2024-07-15,123,NA,NA,"mature",102.364692307692,-98.7806923076923
"259",2024-07-30,2024-07-19,"G4V7W1","G4","V7","W","1",12.994,3,"",52.846,2024-04-24,"V7","Ivy","Heated",2024-03-18,2024-07-15,123,86,37,"young",209.95096,-196.95696
"260",2024-07-30,2024-07-19,"G1V7D2","G1","V7","D","2",180.984,3,"",52.846,2024-04-24,"V7","Ivy","Heated",2024-03-18,2024-07-15,123,86,37,"young",157.048076923077,23.9359230769231
"261",2024-07-30,2024-07-19,"G5R1C3","G5","R1","C","3",409.344,3,"",52.846,NA,"C",NA,"Not heated",2024-03-18,2024-07-15,123,NA,NA,"mature",394.59225,14.75175
"262",2024-07-30,2024-07-19,"G2V3W1","G2","V3","W","1",34.234,3,"",52.846,2024-04-10,"V3","Ivy","Heated",2024-03-18,2024-07-15,123,100,23,"young",237.94464,-203.71064
"263",2024-07-30,2024-07-19,"G3V7W1","G3","V7","W","1",57.604,3,"",52.846,2024-04-24,"V7","Ivy","Heated",2024-03-18,2024-07-15,123,86,37,"young",102.364692307692,-44.7606923076923
"264",2024-07-30,2024-07-19,"G2V7W1","G2","V7","W","1",77.474,3,"",52.846,2024-04-24,"V7","Ivy","Heated",2024-03-18,2024-07-15,123,86,37,"young",237.94464,-160.47064
"265",2024-07-30,2024-07-19,"G2R1C1","G2","R1","C","1",68.774,3,"",52.846,NA,"C",NA,"Not heated",2024-03-18,2024-07-15,123,NA,NA,"mature",237.94464,-169.17064
"266",2024-07-30,2024-07-19,"G3V15W4","G3","V15","W","4",18.854,1,"",57.606,2024-05-24,"VT","Mega","Heated",2024-03-18,2024-07-15,123,56,67,"fruiting",102.364692307692,-83.5106923076923
"267",2024-07-30,2024-07-19,"G4V15W1","G4","V15","W","1",89.284,3,"",52.846,2024-05-20,"R1","Mega","Heated",2024-03-18,2024-07-15,123,60,63,"fruiting",209.95096,-120.66696
"268",2024-07-30,2024-07-19,"G1R6D1","G1","R6","D","1",53.644,3,"",52.846,2024-06-28,"R2","","Heated",2024-03-18,2024-07-15,123,21,102,"fruiting",157.048076923077,-103.404076923077
"269",2024-07-30,2024-07-19,"G4V7D1","G4","V7","D","1",150.244,3,"",52.846,2024-04-24,"V7","Dorothea","Heated",2024-03-18,2024-07-15,123,86,37,"young",209.95096,-59.70696
"270",2024-07-30,2024-07-19,"G2V7C1","G2","V7","C","1",77.014,3,"",52.846,NA,"C",NA,"Not heated",2024-03-18,2024-07-15,123,NA,NA,"mature",237.94464,-160.93064
"271",2024-07-30,2024-07-19,"G1V7W1","G1","V7","W","1",128.624,3,"",52.846,2024-04-24,"V7","Ivy","Heated",2024-03-18,2024-07-15,123,86,37,"young",157.048076923077,-28.4240769230769
"272",2024-07-30,2024-07-19,"G2R6W1","G2","R6","W","1",207.694,3,"",52.846,2024-06-25,"R5","Mega","Heated",2024-03-18,2024-07-15,123,24,99,"mature",237.94464,-30.25064
"273",2024-07-30,2024-07-19,"G4V3D1","G4","V3","D","1",284.114,3,"",52.846,2024-04-10,"V3","Dorothea","Heated",2024-03-18,2024-07-15,123,100,23,"young",209.95096,74.16304
"274",2024-07-30,2024-07-19,"G1V3D2","G1","V3","D","2",199.974,3,"",52.846,2024-04-10,"V3","Dorothea","Heated",2024-03-18,2024-07-15,123,100,23,"young",157.048076923077,42.9259230769231
"275",2024-07-30,2024-07-19,"G1V7D1","G1","V7","D","1",109.654,3,"",52.846,2024-04-24,"V7","Dorothea","Heated",2024-03-18,2024-07-15,123,86,37,"young",157.048076923077,-47.3940769230769
"276",2024-07-30,2024-07-19,"G1V3D1","G1","V3","D","1",56.754,3,"",52.846,2024-04-10,"V3","Dorothea","Heated",2024-03-18,2024-07-15,123,100,23,"young",157.048076923077,-100.294076923077
"277",2024-07-30,2024-07-19,"G3R6D1","G3","R6","D","1",38.444,3,"",52.846,2024-06-28,"R1","","Heated",2024-03-18,2024-07-15,123,21,102,"fruiting",102.364692307692,-63.9206923076923
"278",2024-07-30,2024-07-19,"G2V7D1","G2","V7","D","1",352.814,3,"",52.846,2024-04-24,"V8","Dorothea","Heated",2024-03-18,2024-07-15,123,86,37,"young",237.94464,114.86936
"279",2024-07-30,2024-07-19,"G2V7D1","G2","V7","D","1",352.814,3,"",52.846,2024-04-25,"V7","Ivy","Heated",2024-03-18,2024-07-15,123,85,38,"young",237.94464,114.86936
"280",2024-07-30,2024-07-19,"G5V7D1","G5","V7","D","1",380.344,3,"",52.846,2024-04-24,"V7","Dorothea","Heated",2024-03-18,2024-07-15,123,86,37,"young",394.59225,-14.24825
"281",2024-07-30,2024-07-19,"G3V3W1","G3","V3","W","1",19.144,3,"",52.846,2024-04-10,"V3","Dorothea","Heated",2024-03-18,2024-07-15,123,100,23,"young",102.364692307692,-83.2206923076923
"282",2024-07-30,2024-07-19,"G3R1C1","G3","R1","C","1",137.874,3,"",52.846,NA,"C",NA,"Not heated",2024-03-18,2024-07-15,123,NA,NA,"mature",102.364692307692,35.5093076923077
"283",2024-07-30,2024-07-19,"G1V7W4","G1","V7","W","4",140.234,3,"",52.846,2024-04-25,"V7","Dorothea","Heated",2024-03-18,2024-07-15,123,85,38,"young",157.048076923077,-16.8140769230769
"284",2024-07-30,2024-07-19,"G2R6C1","G2","R6","C","1",15.184,3,"",52.846,NA,"C",NA,"Not heated",2024-03-18,2024-07-15,123,NA,NA,"mature",237.94464,-222.76064
"285",2024-07-30,2024-07-19,"G3V7D1","G3","V7","D","1",68.074,3,"",52.846,2024-04-24,"V7","Dorothea","Heated",2024-03-18,2024-07-15,123,86,37,"young",102.364692307692,-34.2906923076923
"286",2024-07-30,2024-07-19,"G3V7C1","G3","V7","C","1",98.974,3,"",52.846,NA,"C",NA,"Not heated",2024-03-18,2024-07-15,123,NA,NA,"mature",102.364692307692,-3.39069230769232
"287",2024-07-30,2024-07-19,"G2V15D1","G2","V15","D","1",115.194,3,"",52.846,2024-05-20,"R1","Mega","Heated",2024-03-18,2024-07-15,123,60,63,"fruiting",237.94464,-122.75064
"288",2024-07-30,2024-07-19,"G1R1C1","G1","R1","C","1",8.28400000000001,3,"",52.846,NA,"C",NA,"Not heated",2024-03-18,2024-07-15,123,NA,NA,"mature",157.048076923077,-148.764076923077
"289",2024-07-30,2024-07-19,"G3V15D2","G3","V15","D","2",14.694,3,"",52.846,2024-05-21,"V15","Mega","Heated",2024-03-18,2024-07-15,123,59,64,"fruiting",102.364692307692,-87.6706923076923
"290",2024-07-30,2024-07-19,"G3V3C1","G3","V3","C","1",95.024,3,"",52.846,NA,"C",NA,"Not heated",2024-03-18,2024-07-15,123,NA,NA,"mature",102.364692307692,-7.34069230769231
"291",2024-07-30,2024-07-19,"G5R1D1","G5","R1","D","1",119.634,3,"",52.846,2024-06-18,"R2","Mega","Heated",2024-03-18,2024-07-15,123,31,92,"fruiting",394.59225,-274.95825
"292",2024-07-30,2024-07-19,"G5V15W1","G5","V15","W","1",129.914,3,"",52.846,2024-05-20,"R1","Mega","Heated",2024-03-18,2024-07-15,123,60,63,"fruiting",394.59225,-264.67825
"293",2024-07-30,2024-07-19,"G4R1W1","G4","R1","W","1",68.074,3,"",52.846,2024-06-17,"R2","Mega","Heated",2024-03-18,2024-07-15,123,32,91,"fruiting",209.95096,-141.87696
"294",2024-07-30,2024-07-19,"G5R1W1","G5","R1","W","1",288.134,3,"",52.846,2024-06-18,"R4","Mega","Heated",2024-03-18,2024-07-15,123,31,92,"mature",394.59225,-106.45825
"295",2024-07-30,2024-07-19,"G5R1C1","G5","R1","C","1",380.294,3,"",52.846,NA,"C",NA,"Not heated",2024-03-18,2024-07-15,123,NA,NA,"mature",394.59225,-14.29825
"296",2024-07-30,2024-07-19,"G1R1D1","G1","R1","D","1",18.924,3,"",52.846,2024-06-18,"R1","Mega","Heated",2024-03-18,2024-07-15,123,31,92,"fruiting",157.048076923077,-138.124076923077
"297",2024-07-30,2024-07-19,"G1V7C1","G1","V7","C","1",38.694,3,"",52.846,NA,"C",NA,"Not heated",2024-03-18,2024-07-15,123,NA,NA,"mature",157.048076923077,-118.354076923077
"298",2024-07-30,2024-07-19,"G3R1D1","G3","R1","D","1",49.604,3,"",52.846,2024-06-18,"R1","Mega","Heated",2024-03-18,2024-07-15,123,31,92,"fruiting",102.364692307692,-52.7606923076923
"299",2024-07-30,2024-07-19,"G2R1D1","G2","R1","D","1",65.764,3,"",52.846,2024-06-18,"R1","Mega","Heated",2024-03-18,2024-07-15,123,31,92,"fruiting",237.94464,-172.18064
"300",2024-07-30,2024-07-19,"G5V3C1","G5","V3","C","1",108.034,3,"",52.846,NA,"C",NA,"Not heated",2024-03-18,2024-07-15,123,NA,NA,"mature",394.59225,-286.55825
"301",2024-07-30,2024-07-19,"G5V3W1","G5","V3","W","1",314.004,3,"",52.846,2024-04-10,"V3","Ivy","Heated",2024-03-18,2024-07-15,123,100,23,"young",394.59225,-80.58825
"302",2024-07-30,2024-07-19,"G4V15C1","G4","V15","C","1",157.354,3,"",52.846,NA,"C",NA,"Not heated",2024-03-18,2024-07-15,123,NA,NA,"mature",209.95096,-52.59696
"303",2024-07-30,2024-07-19,"G2V15W1","G2","V15","W","1",44.044,3,"",52.846,2024-05-20,"VT","Mega","Heated",2024-03-18,2024-07-15,123,60,63,"fruiting",237.94464,-193.90064
"304",2024-07-30,2024-07-19,"G5R6D5","G5","R6","D","5",286.174,3,"",52.846,2024-06-30,"dead","","Heated",2024-03-18,2024-07-15,123,19,104,"mature",394.59225,-108.41825
"305",2024-07-30,2024-07-19,"G5R6C1","G5","R6","C","1",401.614,3,"",52.846,NA,"C",NA,"Not heated",2024-03-18,2024-07-15,123,NA,NA,"mature",394.59225,7.02175
"306",2024-07-30,2024-07-19,"G3V15W1","G3","V15","W","1",123.844,3,"",52.846,2024-05-20,"VT","Mega","Heated",2024-03-18,2024-07-15,123,60,63,"fruiting",102.364692307692,21.4793076923077
"307",2024-07-30,2024-07-19,"G1V3C1","G1","V3","C","1",216.504,3,"",52.846,NA,"C",NA,"Not heated",2024-03-18,2024-07-15,123,NA,NA,"mature",157.048076923077,59.4559230769231
"308",2024-07-30,2024-07-19,"G5V15D1","G5","V15","D","1",167.004,3,"",52.846,2024-05-20,"R1","Mega","Heated",2024-03-18,2024-07-15,123,60,63,"fruiting",394.59225,-227.58825
"309",2024-07-30,2024-07-19,"G2V3C1","G2","V3","C","1",353.244,3,"",52.846,NA,"C",NA,"Not heated",2024-03-18,2024-07-15,123,NA,NA,"mature",237.94464,115.29936
"310",2024-07-30,2024-07-19,"G3R1W4","G3","R1","W","4",189.634,3,"",52.846,2024-06-20,"dead","Mega","Heated",2024-03-18,2024-07-15,123,29,94,"mature",102.364692307692,87.2693076923077
"311",2024-07-30,2024-07-19,"G3R6C1","G3","R6","C","1",91.964,3,"",52.846,NA,"C",NA,"Not heated",2024-03-18,2024-07-15,123,NA,NA,"mature",102.364692307692,-10.4006923076923
"312",2024-07-30,2024-07-19,"G3R1W1","G3","R1","W","1",88.604,3,"",52.846,2024-06-17,"R5","Mega","Heated",2024-03-18,2024-07-15,123,32,91,"mature",102.364692307692,-13.7606923076923
"313",2024-07-30,2024-07-19,"G5R1W2","G5","R1","W","2",232.134,3,"",52.846,2024-06-19,"R4","Mega","Heated",2024-03-18,2024-07-15,123,30,93,"mature",394.59225,-162.45825
"314",2024-07-30,2024-07-19,"G1R6C1","G1","R6","C","1",5.024,3,"",52.846,NA,"C",NA,"Not heated",2024-03-18,2024-07-15,123,NA,NA,"mature",157.048076923077,-152.024076923077
"315",2024-07-30,2024-07-19,"G1V15C3","G1","V15","C","3",156.174,3,"",52.846,NA,"C",NA,"Not heated",2024-03-18,2024-07-15,123,NA,NA,"mature",157.048076923077,-0.874076923076927
"316",2024-07-30,2024-07-19,"G5R6D1","G5","R6","D","1",216.954,3,"",52.846,2024-06-28,"R5","Mega","Heated",2024-03-18,2024-07-15,123,21,102,"mature",394.59225,-177.63825
"317",2024-07-30,2024-07-19,"G2R1W1","G2","R1","W","1",295.554,3,"",52.846,2024-06-17,"R5","Mega","Heated",2024-03-18,2024-07-15,123,32,91,"mature",237.94464,57.60936
"318",2024-07-30,2024-07-19,"G1V3W3","G1","V3","W","3",120.144,3,"",52.846,2024-04-11,"V3","Ivy","Heated",2024-03-18,2024-07-15,123,99,24,"young",157.048076923077,-36.9040769230769
"319",2024-07-30,2024-07-19,"G4R1C1","G4","R1","C","1",253.554,3,"",52.846,NA,"C",NA,"Not heated",2024-03-18,2024-07-15,123,NA,NA,"mature",209.95096,43.60304
"320",2024-07-30,2024-07-19,"G1V15C1","G1","V15","C","1",12.744,3,"",52.846,NA,"C",NA,"Not heated",2024-03-18,2024-07-15,123,NA,NA,"mature",157.048076923077,-144.304076923077
"321",2024-07-30,2024-07-19,"G1V3W1","G1","V3","W","1",-16.516,3,"",52.846,2024-04-10,"V3","Ivy","Heated",2024-03-18,2024-07-15,123,100,23,"young",157.048076923077,-173.564076923077
"322",2024-07-30,2024-07-19,"G1R6W1","G1","R6","W","1",128.794,3,"",52.846,2024-06-25,"R5","Mega","Heated",2024-03-18,2024-07-15,123,24,99,"mature",157.048076923077,-28.254076923077
"323",2024-07-30,2024-07-19,"G1V7D4","G1","V7","D","4",6.194,3,"",52.846,2024-04-25,"V5","Ivy","Heated",2024-03-18,2024-07-15,123,85,38,"young",157.048076923077,-150.854076923077
"324",2024-07-30,2024-07-19,"G5V3D1","G5","V3","D","1",249.514,3,"",52.846,2024-04-10,"V3","Ivy","Heated",2024-03-18,2024-07-15,123,100,23,"young",394.59225,-145.07825
"325",2024-07-30,2024-07-19,"G3V3W2","G3","V3","W","2",145.014,3,"",52.846,2024-04-10,"V5","Ivy","Heated",2024-03-18,2024-07-15,123,100,23,"young",102.364692307692,42.6493076923077
"326",2024-07-30,2024-07-19,"G5V7D2","G5","V7","D","2",284.824,3,"",52.846,2024-04-24,"V7","Ivy","Heated",2024-03-18,2024-07-15,123,86,37,"young",394.59225,-109.76825
"327",2024-07-30,2024-07-19,"G5V7C2","G5","V7","C","2",376.164,3,"",52.846,NA,"C",NA,"Not heated",2024-03-18,2024-07-15,123,NA,NA,"mature",394.59225,-18.42825
"328",2024-07-30,2024-07-19,"G5V7W1","G5","V7","W","1",363.534,3,"",52.846,2024-04-24,"V7","Ivy","Heated",2024-03-18,2024-07-15,123,86,37,"young",394.59225,-31.05825
"329",2024-07-30,2024-07-19,"G2V3W2","G2","V3","W","2",82.814,3,"",52.846,2024-04-10,"V3","Dorothea","Heated",2024-03-18,2024-07-15,123,100,23,"young",237.94464,-155.13064
"330",2024-07-30,2024-07-19,"G1V15W1","G1","V15","W","1",127.314,3,"",52.846,2024-05-20,"R1","Mega","Heated",2024-03-18,2024-07-15,123,60,63,"fruiting",157.048076923077,-29.7340769230769
"331",2024-07-30,2024-07-19,"G4V3W1","G4","V3","W","1",38.124,3,"",52.846,2024-04-10,"V3","Dorothea","Heated",2024-03-18,2024-07-15,123,100,23,"young",209.95096,-171.82696
"332",2024-07-30,2024-07-19,"G1V7C5","G1","V7","C","5",93.634,3,"",52.846,NA,"C",NA,"Not heated",2024-03-18,2024-07-15,123,NA,NA,"mature",157.048076923077,-63.414076923077
"333",2024-07-30,2024-07-19,"G5R6W1","G5","R6","W","1",377.884,3,"",52.846,2024-06-25,"R6","Mega","Heated",2024-03-18,2024-07-15,123,24,99,"mature",394.59225,-16.70825
"334",2024-07-30,2024-07-19,"G4R1D1","G4","R1","D","1",95.814,3,"",52.846,2024-06-18,"R3","Mega","Heated",2024-03-18,2024-07-15,123,31,92,"fruiting",209.95096,-114.13696
"335",2024-07-30,2024-07-19,"G4V15C2","G4","V15","C","2",48.884,3,"",52.846,NA,"C",NA,"Not heated",2024-03-18,2024-07-15,123,NA,NA,"mature",209.95096,-161.06696
"336",2024-07-30,2024-07-19,"G5V7C1","G5","V7","C","1",156.634,3,"",52.846,NA,"C",NA,"Not heated",2024-03-18,2024-07-15,123,NA,NA,"mature",394.59225,-237.95825
"337",2024-07-30,2024-07-19,"G2V15W3","G2","V15","W","3",81.004,3,"",52.846,2024-05-22,"VT","Mega","Heated",2024-03-18,2024-07-15,123,58,65,"fruiting",237.94464,-156.94064
"338",2024-07-30,2024-07-19,"G2V15C2","G2","V15","C","2",237.354,3,"",52.846,NA,"C",NA,"Not heated",2024-03-18,2024-07-15,123,NA,NA,"mature",237.94464,-0.590640000000008
"339",2024-07-30,2024-07-19,"G1V15D1","G1","V15","D","1",61.634,3,"",52.846,2024-05-20,"R1","Mega","Heated",2024-03-18,2024-07-15,123,60,63,"fruiting",157.048076923077,-95.4140769230769
"340",2024-07-30,2024-07-19,"G2V3D1","G2","V3","D","1",59.094,3,"",52.846,2024-04-10,"V3","Ivy","Heated",2024-03-18,2024-07-15,123,100,23,"young",237.94464,-178.85064
"341",2024-07-30,2024-07-19,"G1R1W1","G1","R1","W","1",72.174,3,"",52.846,2024-06-17,"R2","Mega","Heated",2024-03-18,2024-07-15,123,32,91,"fruiting",157.048076923077,-84.8740769230769
"342",2024-07-30,2024-07-19,"G4V3C1","G4","V3","C","1",36.064,3,"",52.846,NA,"C",NA,"Not heated",2024-03-18,2024-07-15,123,NA,NA,"mature",209.95096,-173.88696
"343",2024-07-30,2024-07-19,"G2V15C1","G2","V15","C","1",32.764,3,"",52.846,NA,"C",NA,"Not heated",2024-03-18,2024-07-15,123,NA,NA,"mature",237.94464,-205.18064
"344",2024-07-30,2024-07-19,"G2R6D1","G2","R6","D","1",21.754,3,"",52.846,2024-06-28,"VT","","Heated",2024-03-18,2024-07-15,123,21,102,"fruiting",237.94464,-216.19064
"345",2024-07-30,2024-07-19,"G2R6W2","G2","R6","W","2",334.664,3,"",52.846,2024-06-26,"R5","Mega","Heated",2024-03-18,2024-07-15,123,23,100,"mature",237.94464,96.71936
"346",2024-07-30,2024-07-19,"G4R6C1","G4","R6","C","1",215.804,3,"",52.846,NA,"C",NA,"Not heated",2024-03-18,2024-07-15,123,NA,NA,"mature",209.95096,5.85303999999996
"347",2024-07-30,2024-07-19,"G5V15C1","G5","V15","C","1",449.294,3,"",52.846,NA,"C",NA,"Not heated",2024-03-18,2024-07-15,123,NA,NA,"mature",394.59225,54.70175
"348",2024-07-30,2024-07-19,"G3R6W1","G3","R6","W","1",48.774,3,"",52.846,2024-06-25,"R2","Mega","Heated",2024-03-18,2024-07-15,123,24,99,"fruiting",102.364692307692,-53.5906923076923
"349",2024-07-30,2024-07-19,"G2R1D2","G2","R1","D","2",5.35400000000001,3,"",52.846,2024-06-18,"R5","Mega","Heated",2024-03-18,2024-07-15,123,31,92,"mature",237.94464,-232.59064
"350",2024-07-30,2024-07-19,"G3V3D4","G3","V3","D","4",0.984000000000002,3,"",52.846,2024-04-11,"V3","Ivy","Heated",2024-03-18,2024-07-15,123,99,24,"young",102.364692307692,-101.380692307692
"351",2024-07-30,2024-07-19,"G1V15D2","G1","V15","D","2",143.41,4,"",65.1,2024-05-21,"VT","Mega","Heated",2024-03-18,2024-07-15,123,59,64,"fruiting",157.048076923077,-13.6380769230769
"352",2024-07-30,2024-07-19,"G1V7W2","G1","V7","W","2",131.47,4,"",65.1,2024-04-24,"V8","Dorothea","Heated",2024-03-18,2024-07-15,123,86,37,"young",157.048076923077,-25.5780769230769
"353",2024-07-30,2024-07-19,"G3V3D3","G3","V3","D","3",16.67,4,"",65.1,2024-04-11,"V3","Dorothea","Heated",2024-03-18,2024-07-15,123,99,24,"young",102.364692307692,-85.6946923076923
"354",2024-07-30,2024-07-19,"G5R6W2","G5","R6","W","2",495.1,4,"",65.1,2024-06-26,"R6","","Heated",2024-03-18,2024-07-15,123,23,100,"mature",394.59225,100.50775
"355",2024-07-30,2024-07-19,"G2R6D2","G2","R6","D","2",68.76,4,"",65.1,2024-06-28,"R3","","Heated",2024-03-18,2024-07-15,123,21,102,"fruiting",237.94464,-169.18464
"356",2024-07-30,2024-07-19,"G3V3C2","G3","V3","C","2",150.74,4,"",65.1,NA,"C",NA,"Not heated",2024-03-18,2024-07-15,123,NA,NA,"mature",102.364692307692,48.3753076923077
"357",2024-07-30,2024-07-19,"G3V7D2","G3","V7","D","2",19.31,4,"",65.1,2024-04-24,"V6","Ivy","Heated",2024-03-18,2024-07-15,123,86,37,"young",102.364692307692,-83.0546923076923
"358",2024-07-30,2024-07-19,"G3V3C3","G3","V3","C","3",102.81,4,"",65.1,NA,"C",NA,"Not heated",2024-03-18,2024-07-15,123,NA,NA,"mature",102.364692307692,0.445307692307694
"359",2024-07-30,2024-07-19,"G2V7D4","G2","V7","D","4",63.966,5,"",58.834,NA,NA,NA,"Heated",2024-03-18,2024-07-15,123,NA,NA,"mature",237.94464,-173.97864
"360",2024-07-30,2024-07-19,"G5R6C3","G5","R6","C","3",554.776,5,"",58.834,NA,"C",NA,"Not heated",2024-03-18,2024-07-15,123,NA,NA,"mature",394.59225,160.18375
"361",2024-07-30,2024-07-19,"G4V3C3","G4","V3","C","3",113.996,5,"",58.834,NA,"C",NA,"Not heated",2024-03-18,2024-07-15,123,NA,NA,"mature",209.95096,-95.95496
"362",2024-07-30,2024-07-19,"G4V7D3","G4","V7","D","3",16.436,5,"",58.834,2024-04-25,"V7","Ivy","Heated",2024-03-18,2024-07-15,123,85,38,"young",209.95096,-193.51496
"363",2024-07-30,2024-07-19,"G5V15C3","G5","V15","C","3",340.926,5,"",58.834,NA,"C",NA,"Not heated",2024-03-18,2024-07-15,123,NA,NA,"mature",394.59225,-53.66625
"364",2024-07-30,2024-07-19,"G4V3W3","G4","V3","W","3",41.916,5,"",58.834,2024-04-11,"V3","Ivy","Heated",2024-03-18,2024-07-15,123,99,24,"young",209.95096,-168.03496
"365",2024-07-30,2024-07-19,"G1V7D3","G1","V7","D","3",23.776,5,"",58.834,2024-04-25,"V5","Ivy","Heated",2024-03-18,2024-07-15,123,85,38,"young",157.048076923077,-133.272076923077
"366",2024-07-30,2024-07-19,"G2R6W3","G2","R6","W","3",250.136,5,"",58.834,2024-06-26,"R5","Mega","Heated",2024-03-18,2024-07-15,123,23,100,"mature",237.94464,12.19136
"367",2024-07-30,2024-07-19,"G2V3W3","G2","V3","W","3",19.056,5,"",58.834,2024-04-11,"V3","Ivy","Heated",2024-03-18,2024-07-15,123,99,24,"young",237.94464,-218.88864
"368",2024-07-30,2024-07-19,"G1R1C3","G1","R1","C","3",98.166,5,"",58.834,NA,"C",NA,"Not heated",2024-03-18,2024-07-15,123,NA,NA,"mature",157.048076923077,-58.8820769230769
"369",NA,NA,"G5V3W2",NA,NA,NA,NA,NA,NA,NA,NA,2024-04-10,NA,"Ivy",NA,2024-03-18,2024-07-15,NA,NA,23,"mature",NA,NA
"370",NA,NA,"G2V3D2",NA,NA,NA,NA,NA,NA,NA,NA,2024-04-10,NA,"Ivy",NA,2024-03-18,2024-07-15,NA,NA,23,"mature",NA,NA
"371",NA,NA,"G1V3D4",NA,NA,NA,NA,NA,NA,NA,NA,2024-04-11,NA,"Ivy",NA,2024-03-18,2024-07-15,NA,NA,24,"mature",NA,NA
"372",NA,NA,"G4V15D1",NA,NA,NA,NA,NA,NA,NA,NA,2024-05-20,NA,"Mega",NA,2024-03-18,2024-07-15,NA,NA,63,"mature",NA,NA
"373",NA,NA,"G3V15D3",NA,NA,NA,NA,NA,NA,NA,NA,2024-05-22,NA,"Mega",NA,2024-03-18,2024-07-15,NA,NA,65,"mature",NA,NA
"374",NA,NA,"G4V15D3",NA,NA,NA,NA,NA,NA,NA,NA,2024-05-22,NA,"Mega",NA,2024-03-18,2024-07-15,NA,NA,65,"mature",NA,NA
"375",NA,NA,"G1V15W3",NA,NA,NA,NA,NA,NA,NA,NA,2024-05-22,NA,"Mega",NA,2024-03-18,2024-07-15,NA,NA,65,"mature",NA,NA
"376",NA,NA,"G3V15W3",NA,NA,NA,NA,NA,NA,NA,NA,2024-05-22,NA,"Mega",NA,2024-03-18,2024-07-15,NA,NA,65,"mature",NA,NA
"377",NA,NA,"G1V15D4",NA,NA,NA,NA,NA,NA,NA,NA,2024-05-24,NA,"Mega",NA,2024-03-18,2024-07-15,NA,NA,67,"mature",NA,NA
"378",NA,NA,"G1R1D3 ",NA,NA,NA,NA,NA,NA,NA,NA,2024-06-20,NA,"Mega",NA,2024-03-18,2024-07-15,NA,NA,94,"mature",NA,NA
"379",NA,NA,"R1R1W4",NA,NA,NA,NA,NA,NA,NA,NA,2024-06-20,NA,"Mega",NA,2024-03-18,2024-07-15,NA,NA,94,"mature",NA,NA
"380",NA,NA,"G2R1RD4",NA,NA,NA,NA,NA,NA,NA,NA,2024-06-21,NA,"Mega",NA,2024-03-18,2024-07-15,NA,NA,95,"mature",NA,NA
"381",NA,NA,"G5R1D5",NA,NA,NA,NA,NA,NA,NA,NA,2024-06-21,NA,"Mega",NA,2024-03-18,2024-07-15,NA,NA,95,"mature",NA,NA
"382",NA,NA,"G3R6W3",NA,NA,NA,NA,NA,NA,NA,NA,2024-06-26,NA,"",NA,2024-03-18,2024-07-15,NA,NA,100,"mature",NA,NA
"383",NA,NA,"G3R6D2",NA,NA,NA,NA,NA,NA,NA,NA,2024-06-28,NA,"",NA,2024-03-18,2024-07-15,NA,NA,102,"mature",NA,NA
"384",NA,NA,"G4R6D4",NA,NA,NA,NA,NA,NA,NA,NA,2024-06-29,NA,"",NA,2024-03-18,2024-07-15,NA,NA,103,"mature",NA,NA
